"name","imageUrl"
"Almeng","https://i.scdn.co/image/ab67616d0000b2739c3a57b7e20be3d371215d93"
"BXB (group)","https://i.scdn.co/image/ab6761610000e5eb96b9b363daa9bbd50b92080e"
"Isegye Idol","https://i.scdn.co/image/ab6761610000e5eb2d3a205c7c15c04f854263d0"
"Koyote","https://i.scdn.co/image/ab67616d0000b273316e9d9c8c398ba05e0c6bcb"
"Nasty Nasty (band)","https://i.scdn.co/image/ab67616d0000b273a546c0e8b8233bcfa45ceff1"
"Sharp (South Korean band)","https://i.scdn.co/image/ab6761610000e5eb868157314f326d1ddd50f588"
"SM Rookies","https://i.scdn.co/image/ab6761610000e5eb8bd86f3c6b663fcd18840364"
"SM the Ballad","https://i.scdn.co/image/ab67616d0000b2734ab76aff0e5682e8aa5466ff"
"SM The Performance","https://i.scdn.co/image/ab67616d0000b27323e6d3e650341c26a111a717"
"SM Town","https://i.scdn.co/image/ab6761610000e5ebccb5af6d6dab01632cf29aca"
"SSAK3","https://i.scdn.co/image/ab67616d0000b27397953dea11f055b6518ede4f"
"Triple H (band)","https://i.scdn.co/image/ab6761610000e5ebc6232e71ab660d1dcbd3a625"
"Trouble Maker (duo)","https://i.scdn.co/image/ab6761610000e5eb6ffd87ef0d424eca77f135c2"
"Typhoon (South Korean band)","https://i.scdn.co/image/ab6761610000e5eb868157314f326d1ddd50f588"
"1Team","https://i.scdn.co/image/ab67616d0000b273b6c262e30cd76458cd8916ff"
"1the9","https://i.scdn.co/image/ab67616d0000b273644ab034ee3193649077aaaa"
"1TYM","https://i.scdn.co/image/ab67616d0000b27312031d07e7ad259efa2cf74f"
"1Verse","https://i.scdn.co/image/ab6761610000e5eb310bdc06c39ff5ab3ad8007d"
"2AM (band)","https://i.scdn.co/image/ab67616d0000b273b1bb57cf2c6a2decf7600942"
"2PM","https://i.scdn.co/image/ab6761610000e5eb125d29add59b1d82aa236423"
"2YA2YAO!",
"4Men","https://i.scdn.co/image/ab6761610000e5eba6b0d348c125a072e5284b3e"
"5tion","https://i.scdn.co/image/ab67616d0000b2734f0ce76ceb5ba752032822bb"
"5urprise","https://i.scdn.co/image/ab67616d0000b2733b3a6e05b281022f2e457c8a"
"8Turn","https://i.scdn.co/image/ab6761610000e5eb2346ede956a95fd1b9496564"
"14U","https://i.scdn.co/image/ab67616d0000b273d8b7417540ea081012877806"
"24K+ (band)","https://i.scdn.co/image/ab6761610000e5ebb91adee5798a8e475367f3a4"
"82Major","https://i.scdn.co/image/ab6761610000e5ebaead40d80740348321216b58"
"100% (band)","https://i.scdn.co/image/ab6761610000e5eb97a37471900d37811f98d7f3"
"2000 Won","https://i.scdn.co/image/ab67616d0000b273910d28b99ae5ba65174d6968"
"A-Jax (band)","https://i.scdn.co/image/ab6761610000e5ebbb6009e507cd36fe739a276b"
"A-Prince","https://i.scdn.co/image/ab6761610000e5ebb334f50f02c87c387e377d21"
"A.C.E (South Korean band)","https://i.scdn.co/image/ab6761610000e5ebe29ed4179a6dc266e313b120"
"A.cian","https://i.scdn.co/image/ab67616d0000b2737547e56dc5b69833f4e2f6bb"
"AA (band)","https://i.scdn.co/image/ab6761610000e5eb9a93e273380982dff84c0d7c"
"AB6IX","https://i.scdn.co/image/ab6761610000e5eb6fd759cbd67de4e030089d5f"
"AHOF","https://i.scdn.co/image/ab6761610000e5eb90ae5fa983111b0b52c0ac88"
"Aimers (band)","https://i.scdn.co/image/ab6761610000e5ebecb2f33d56d05407f877aa81"
"All(H)Ours","https://i.scdn.co/image/ab67616d0000b27382c0633f3b505d8700484db6"
"AlphaBat","https://i.scdn.co/image/ab6761610000e5ebd308bf91fbbf4c9cf8cecc05"
"Ampers&One","https://i.scdn.co/image/ab6761610000e5eb62e831c3b576ddae9cabe39b"
"Apeace","https://i.scdn.co/image/ab67616d0000b273508f556f7f46ee2d69a11b1e"
"Argon (band)","https://i.scdn.co/image/ab6761610000e5eb299e65296cc1d467bbee678d"
"ARrC","https://i.scdn.co/image/ab6761610000e5ebd992e26f69be361491ae0b09"
"Astro (South Korean band)","https://i.scdn.co/image/ab6761610000e5ebee6186f4ba9d39d9438ad7d8"
"ATBO","https://i.scdn.co/image/ab6761610000e5ebe013ccf90a7531c6c3f6233c"
"Ateez","https://i.scdn.co/image/ab6761610000e5eba1e2f0d5061ccdcb38398d94"
"B.A.P (South Korean band)","https://i.scdn.co/image/ab67616d0000b273e3adf78064d426b5028e8012"
"B.D.U","https://i.scdn.co/image/ab6761610000e5eb5800b43e0fbf5c0b14d8d3ad"
"B.I.G","https://i.scdn.co/image/1b4858fbd24046a81cace5ee18d19c868262b91f"
"B.O.Y",
"B1A4","https://i.scdn.co/image/ab6761610000e5eb44f319ef527ee470a538f313"
"BAE173","https://i.scdn.co/image/ab67616d0000b2739bedb255fcbae66826d5ceb7"
"Bastarz","https://i.scdn.co/image/ab6761610000e5ebfb00473172b7124b5415e471"
"Battle (South Korean band)","https://i.scdn.co/image/ab6761610000e5eb7338018045b3de146070fc66"
"BDC (group)","https://i.scdn.co/image/ab6761610000e5ebf3463187f608a8498ecf2fdb"
"Be.A","https://i.scdn.co/image/ab67616d0000b273c09eca0cf890c4775fbe0ab6"
"Beatwin","https://i.scdn.co/image/ab6761610000e5eb9c7110a8a8464be722fe2a59"
"BigBang (South Korean band)","https://i.scdn.co/image/ab6761610000e5eb597a4257d0022e2ac837fa7d"
"Big Brain","https://i.scdn.co/image/ab67616d0000b273e02f4ae34468ec05317be127"
"Big Ocean","https://i.scdn.co/image/ab6761610000e5ebd3f98ad3fb1fbae558854fe3"
"Big Star (South Korean band)","https://i.scdn.co/image/ab6761610000e5eb63ce4f0c936577d7ce0cc37d"
"Bigflo","https://i.scdn.co/image/ab6761610000e5ebf2c389f5cd767e5b0a9b4d9e"
"Black Beat","https://i.scdn.co/image/ab67616d0000b2738d19a3b695edad04274b7d5f"
"Blank2y","https://i.scdn.co/image/ab6761610000e5ebaeff43d76aa126666f0c6ac7"
"Blitzers","https://i.scdn.co/image/ab6761610000e5eb70c814e51439ade543f58880"
"Block B","https://i.scdn.co/image/ab6761610000e5ebebb34ddba4e4ef87dbb92728"
"The Blue (musical duo)","https://i.scdn.co/image/ab67616d0000b273740db030c64a33d3f0188d60"
"The Boss (band)","https://i.scdn.co/image/ab6761610000e5eb81df2fa2f937029ec986bbb8"
"Boyfriend (band)","https://i.scdn.co/image/ab67616d0000b27314d9fe1a6b39d158873991aa"
"BoyNextDoor","https://i.scdn.co/image/ab6761610000e5ebc64f94c8865d670cb97ab49e"
"Boys Republic (band)","https://i.scdn.co/image/ab6761610000e5eb868157314f326d1ddd50f588"
"Boys24","https://i.scdn.co/image/ab67616d0000b273420509d58374933bde4dfd83"
"The Boyz (South Korean band)","https://i.scdn.co/image/ab6761610000e5eb96b9b363daa9bbd50b92080e"
"Brown Eyed Soul (band)","https://i.scdn.co/image/ab6761610000e5ebfaf7ff45a859300bf19bc15f"
"Brown Eyes (band)","https://i.scdn.co/image/ab6761610000e5eb96b9b363daa9bbd50b92080e"
"BSS (band)","https://i.scdn.co/image/ab6761610000e5ebf92077f28e5407c84ef385a3"
"BtoB (band)","https://i.scdn.co/image/ab6761610000e5eb96b9b363daa9bbd50b92080e"
"BtoB 4U","https://i.scdn.co/image/ab6761610000e5eb90df2c90c81276141a4fd6de"
"BtoB Blue","https://i.scdn.co/image/ab67616d0000b2737b72def13dbf088a1fb179ef"
"BTS","https://i.scdn.co/image/ab6761610000e5ebd642648235ebf3460d2d1f6a"
"C-Clown","https://i.scdn.co/image/ab6761610000e5eb534c6d647953f20279d654f8"
"Ciipher","https://i.scdn.co/image/ab67616d0000b2736a15a465fa723c01518e1c21"
"CIX (band)","https://i.scdn.co/image/ab6761610000e5eb0fb214f3b75dc060f98384de"
"Click-B","https://i.scdn.co/image/ab67616d0000b27372e32b423c46b9e0ae66375e"
"Close Your Eyes (group)","https://i.scdn.co/image/ab6761610000e5ebd001052a98a7e17248dda6cf"
"CNBLUE","https://i.scdn.co/image/ab6761610000e5eb01d0151861bd589b69765ae1"
"Cortis","https://i.scdn.co/image/ab6761610000e5eb85fadc54e8acfed96370bfab"
"Cravity","https://i.scdn.co/image/ab6761610000e5eb1ed592ea8fcd17174d72b042"
"Crezl","https://i.scdn.co/image/ab6761610000e5eb4c81d8a40314fcd6e54f468c"
"Cross Gene","https://i.scdn.co/image/ab67616d0000b2731067e5580fc017a078324bd3"
"D-Crunch","https://i.scdn.co/image/ab67616d0000b27357bae001b838b17f801145e6"
"D1ce","https://i.scdn.co/image/ab6761610000e5eb162d319b2069482aa7deae8d"
"Day6 (Even of Day)","https://i.scdn.co/image/ab6761610000e5eb0a764dfea4c6617a93160b7f"
"Deux (band)","https://i.scdn.co/image/ab67616d0000b273a6ad0cc89c4647537bd0dc91"
"DJ DOC","https://i.scdn.co/image/ab67616d0000b273be6b74d1a4d2e8bfcfbf8167"
"DKB (band)","https://i.scdn.co/image/ab67616d0000b273a6ad0cc89c4647537bd0dc91"
"DKZ","https://i.scdn.co/image/ab6761610000e5ebaccf8c8763bf2fa909677c71"
"DMTN","https://i.scdn.co/image/ab67616d0000b273fe38507834a773c3fb76f4b3"
"Double S 301","https://i.scdn.co/image/ab67616d0000b273e206d1dcaa97d2de98d9ef06"
"Drippin","https://i.scdn.co/image/ab6761610000e5eb0496ec89e99fd345b975aec4"
"Dxmon","https://i.scdn.co/image/ab6761610000e5ebba55b28ffc5fa52d78719f29"
"E'Last","https://i.scdn.co/image/ab6761610000e5eb3cfd033c08646e78e2adf9f4"
"The East Light","https://i.scdn.co/image/391b00b0b3b8e7a57393e8eac11269a00aa8cc1e"
"Enhypen","https://i.scdn.co/image/ab6761610000e5eb99395276fc18bcf3e7e0b57e"
"ENOi","https://i.scdn.co/image/ab67616d0000b2734af257ff846c5bb0dd560b4b"
"Epex","https://i.scdn.co/image/ab6761610000e5ebcac54ac71455348a773606e8"
"Every Single Day (band)","https://i.scdn.co/image/ab6761610000e5eb99cc74b62feb4c1d0d2a7bde"
"Evnne","https://i.scdn.co/image/ab6761610000e5eb18deed154a1eb4b45f0d2c47"
"Exo","https://i.scdn.co/image/ab6761610000e5ebaf3c4b988a6fef40843cdc83"
"Exo-CBX","https://i.scdn.co/image/ab6761610000e5ebb1d0ee2922afe87c228d4cdc"
"Exo-SC","https://i.scdn.co/image/ab6761610000e5ebb818ae8414a3c6412f7432cf"
"F-iV","https://i.scdn.co/image/ab6761610000e5eb5537941008ec8fb6add8238b"
"F.Cuz","https://i.scdn.co/image/ab67616d0000b273103fcd090992061a3e9c4f13"
"F.T. Island","https://i.scdn.co/image/ab6761610000e5eb3d00e6ff83bfcb69939de1d9"
"Fantasy Boys (group)","https://i.scdn.co/image/ab6761610000e5ebc2f622f7d33f4159f34d42c5"
"Flower (South Korean band)","https://i.scdn.co/image/ab6761610000e5eb677044e300fefeeb7aa9856a"
"Fly to the Sky","https://i.scdn.co/image/ab67616d0000b2738e5257ae5231ab98aa539020"
"GD & TOP","https://i.scdn.co/image/ab6761610000e5ebcc602ce94df4a6046549642e"
"GD X Taeyang","https://i.scdn.co/image/ab6761610000e5eb297e7c351824ad6c818be5de"
"Ghost9","https://i.scdn.co/image/ab6761610000e5ebc6c0417481f052647e8f0f1c"
"G.o.d","https://i.scdn.co/image/ab67616d0000b27343d070345d1bccad66467d81"
"Golden Child (band)","https://i.scdn.co/image/ab6761610000e5eb76133e7ebec7005f5f9964a3"
"Got7","https://i.scdn.co/image/ab6761610000e5eb51636490d389e8d2ab96026e"
"GreatGuys","https://i.scdn.co/image/ab6761610000e5eb3e1b0a3a4ecaebb9cad86e47"
"H.O.T.","https://i.scdn.co/image/ab67616d0000b273d37f7121912ce768f789c7c3"
"HALO (South Korean group)","https://i.scdn.co/image/ab6761610000e5eb8bd86f3c6b663fcd18840364"
"H&D","https://i.scdn.co/image/ab67616d0000b27377963c279427be1c710772c6"
"HeartB","https://i.scdn.co/image/ab6761610000e5eb508cfbb06d6efeb5712b08fb"
"High4","https://i.scdn.co/image/ab6761610000e5eb42c819a464e427397cc0613b"
"Highlight (band)","https://i.scdn.co/image/ab6761610000e5eb27fae9a187277d12548b7b31"
"History (band)","https://i.scdn.co/image/ab67616d0000b2739c39cdf463d7757155dd6cd7"
"HNB (band)","https://i.scdn.co/image/ab6761610000e5eb868157314f326d1ddd50f588"
"Homme (duo)","https://i.scdn.co/image/ab67616d0000b273c743a2d3c87398c28e3f610f"
"Honey G (band)","https://i.scdn.co/image/ab6761610000e5eb5bdaacfd0ba016890a3d73b5"
"Honeyst","https://i.scdn.co/image/ab6761610000e5ebafcdb9d7cd792f815471a94e"
"Hooni Yongi","https://i.scdn.co/image/ab6761610000e5ebf8eb38f25a7915169d933cfc"
"Hotshot (band)","https://i.scdn.co/image/ab67616d0000b273e426875be2243c226daf81fa"
"Hyeongseop X Euiwoong","https://i.scdn.co/image/ab6761610000e5ebc48aba4967a2a5c00134adeb"
"Idid (group)","https://i.scdn.co/image/ab6761610000e5eb6204ca7971a5a13d22205eb4"
"Idntt","https://i.scdn.co/image/ab6761610000e5eb5d698945d087670d01c457b9"
"IKon","https://i.scdn.co/image/ab6761610000e5eb8eb5e57e526ceb14f06ea203"
"Imfact","https://i.scdn.co/image/ab67616d0000b273a6182537b62ccbb14d081c67"
"Infinite (band)","https://i.scdn.co/image/ab67616d0000b273916ecce286d270a4b65c454a"
"Infinite F","https://i.scdn.co/image/ab67616d0000b2730bcea2e33adef33cd37567bc"
"Infinite H","https://i.scdn.co/image/ab67616d0000b27342c2c509ec32b479a3807f54"
"IZ (band)","https://i.scdn.co/image/ab6761610000e5ebcfe5049bb4fcd5a3ddaa9238"
"J-Walk","https://i.scdn.co/image/ab6761610000e5ebe9f2413de89a429a54d3dd9f"
"JBJ (band)","https://i.scdn.co/image/ab67616d0000b2733e225aa6f6826f6bfe8697a5"
"Jinjin & Rocky","https://i.scdn.co/image/ab67616d0000b273a37b997ee3704dcfba9fc1a7"
"JJ Project","https://i.scdn.co/image/f79d19046ecb45996ed91e57a5d9165ed436b8e1"
"JJCC","https://i.scdn.co/image/ab67616d0000b273c386b795d293238bc90a9803"
"JtL","https://i.scdn.co/image/ab67616d0000b27343e12e6ca6c7f63fa88beacc"
"Jus2","https://i.scdn.co/image/ab67616d0000b273944a53e3acb2263e657e7bfc"
"Just B","https://i.scdn.co/image/ab6761610000e5eb41d802d8bcb7e44f1a99728a"
"JxW","https://i.scdn.co/image/ab6761610000e5ebd79ddbade9d28ba35ec78cdd"
"JYJ","https://i.scdn.co/image/ab67616d0000b273d7529f8704a7bfda7272fed1"
"KickFlip","https://i.scdn.co/image/ab6761610000e5ebc6e9244f4b9261266f4ec979"
"The KingDom","https://i.scdn.co/image/ab6761610000e5ebc1f5b674dd56aefbdbe9821b"
"KNK (band)","https://i.scdn.co/image/ab67616d0000b2735d9d2826d3ab471f2cd868df"
"K-pop (band)","https://i.scdn.co/image/ab6761610000e5eb70d80b8ab8e193aef64223ec"
"LC9 (band)","https://i.scdn.co/image/ab67616d0000b273a6ad0cc89c4647537bd0dc91"
"Led Apple","https://i.scdn.co/image/ab67616d0000b273b4724b7074aa9ecd79cd567c"
"The Legend (band)","https://i.scdn.co/image/ab6761610000e5ebafc3bfd86a202d9059138144"
"Longguo & Shihyun","https://i.scdn.co/image/ab6761610000e5eb683ee8effcf868998ed4d69f"
"Luminous (group)","https://i.scdn.co/image/ab67616d0000b27306944eac44eec946e19693e8"
"Lun8","https://i.scdn.co/image/ab6761610000e5eba0be8ad03cd98c772c445a31"
"Lunafly","https://i.scdn.co/image/ab67616d0000b273b0e349e7b0eaa3f4a1cc4374"
"M. Street","https://i.scdn.co/image/ab6761610000e5eb2ebbb5275afd7fa148464fa3"
"M.O.N.T","https://i.scdn.co/image/ab6761610000e5eb45bf386c30fc5004f220c574"
"M.Pire","https://i.scdn.co/image/ab6761610000e5ebb3f346327ea279f4d48a221c"
"M4M (band)","https://i.scdn.co/image/ab6761610000e5ebc3dbf328ffcb88ddb68bf1dd"
"MA1 (group)","https://i.scdn.co/image/d73a0a76189c5cd8be598a797095bd07518840fe"
"Madtown","https://i.scdn.co/image/ab6761610000e5eb210926911589ab8e60bceed5"
"MAP6 (band)","https://i.scdn.co/image/ab6761610000e5ebd001052a98a7e17248dda6cf"
"MBLAQ","https://i.scdn.co/image/ab67616d0000b27363a9dd7bc648baff62975bcf"
"M.C the Max","https://i.scdn.co/image/9e8ffb1e319cc51cdac8927e627bf23453ebc9e9"
"MCND","https://i.scdn.co/image/ab6761610000e5ebd398a1909bd06162fac5990a"
"Mirae (band)","https://i.scdn.co/image/ab67616d0000b2738b083d75e2e09e8b3eda1a85"
"MOBB","https://i.scdn.co/image/ab6761610000e5eb7b39f11e027c545d35c178df"
"Monday Kiz (band)","https://i.scdn.co/image/ab6761610000e5ebd001052a98a7e17248dda6cf"
"Monsta X","https://i.scdn.co/image/ab6761610000e5eb28526e1eda2f78513f024fba"
"Moonbin & Sanha","https://i.scdn.co/image/ab67616d0000b27362d463beea8592f796725e3f"
"Mr.Mr (band)","https://i.scdn.co/image/ab6761610000e5ebf2e64d7d36033e03081c05ec"
"MustB","https://i.scdn.co/image/ab6761610000e5ebe005614e60e26975d0a45097"
"MVP (South Korean band)","https://i.scdn.co/image/ab6761610000e5eb868157314f326d1ddd50f588"
"MXM (musical duo)","https://i.scdn.co/image/ab67616d0000b273740db030c64a33d3f0188d60"
"Myname","https://i.scdn.co/image/ab6761610000e5eb6b21dfb8c443d99909e18ba0"
"Myteen","https://i.scdn.co/image/ab6761610000e5eb6d3a3956268745028544fb05"
"Mytro",
"N-Sonic",
"N-Train","https://i.scdn.co/image/ab67616d0000b273b308f421a23d52a2040f2ed1"
"N.Flying","https://i.scdn.co/image/ab6761610000e5ebb0c673c1725eecd702b92cf2"
"N.SSign","https://i.scdn.co/image/ab6761610000e5eba219b632a32e806c949afde9"
"NCT (group)","https://i.scdn.co/image/ab6761610000e5ebd001052a98a7e17248dda6cf"
"NCT 127","https://i.scdn.co/image/ab6761610000e5ebdc904dcc7399f1fd90107392"
"NCT DoJaeJung","https://i.scdn.co/image/ab6761610000e5eb9a26467248badc54d2253c5e"
"NCT Dream","https://i.scdn.co/image/ab6761610000e5ebed95357b2b295b2be5058b0b"
"NCT U","https://i.scdn.co/image/ab6761610000e5eb38c136f067600bd431dd9b93"
"Newbeat","https://i.scdn.co/image/ab6761610000e5eb09bf897a2ecbfaf57769dcb4"
"Newkidd","https://i.scdn.co/image/ab6761610000e5ebbd4e77507a08aedd3c85ef23"
"Noel (band)","https://i.scdn.co/image/0d3b3944d72ce6c7bdae093ee217e6e7d502263c"
"Noir (band)",
"NOMAD (group)","https://i.scdn.co/image/ab67616d0000b2738d4307ae5bc6ecb4122ab939"
"Nouera","https://i.scdn.co/image/ab6761610000e5ebe4e29b3efadb6583485b6cc5"
"Nowz","https://i.scdn.co/image/ab6761610000e5eb84225ad08edab3bd86f731a1"
"NRG (South Korean band)","https://i.scdn.co/image/ab6761610000e5eb4ac5ed5909f3082cb817926f"
"NTB (band)","https://i.scdn.co/image/ab6761610000e5ebd001052a98a7e17248dda6cf"
"NTX (group)","https://i.scdn.co/image/ab6761610000e5ebc4204e496cc9fef8d43d388f"
"NU'EST W","https://i.scdn.co/image/ab6761610000e5eb47fd0c76611659752147f9ef"
"NU'EST","https://i.scdn.co/image/ab6761610000e5eb7682e26b8e7f5bfed0e87d84"
"Omega X","https://i.scdn.co/image/ab6761610000e5ebe8fff306181aeebe99005517"
"One Day (South Korean band)","https://i.scdn.co/image/ab6761610000e5eb868157314f326d1ddd50f588"
"One Pact","https://i.scdn.co/image/ab6761610000e5eb6e3f71b281c84d30be9d9da7"
"One Way (South Korean band)","https://i.scdn.co/image/ab6761610000e5ebe59d83d3af622cfe9100fa2a"
"Oneus","https://i.scdn.co/image/ab6761610000e5eb1284d15b1ea475aa451c1f0c"
"Onewe","https://i.scdn.co/image/ab6761610000e5eb1b21a1f68146abd84f55d4c7"
"ONF (band)","https://i.scdn.co/image/ab67616d0000b273a2d037b221cccf4bb6efb80e"
"OnlyOneOf","https://i.scdn.co/image/ab6761610000e5eb2ea0217750ed5244f6d4fd7b"
"P1Harmony","https://i.scdn.co/image/ab6761610000e5ebeed04378a1aa943bb51bf199"
"Paran (band)","https://i.scdn.co/image/ab6761610000e5eb75ca2f5682448940f1694cea"
"Pentagon (South Korean band)","https://i.scdn.co/image/ab6761610000e5eb7fd277fc83d7670dadb45790"
"Plave","https://i.scdn.co/image/ab6761610000e5eb7d510a4ec6b151d077eefae8"
"Pow (band)","https://i.scdn.co/image/ab6761610000e5eb643df3b0493341502b668b9c"
"Rainz",
"Riize","https://i.scdn.co/image/ab6761610000e5eb0595b13b716263466e382d9b"
"Romeo (band)","https://i.scdn.co/image/ab6761610000e5eb6d8b48abede0f9e433aa6e49"
"S (South Korean band)","https://i.scdn.co/image/ab6761610000e5eb4ac5ed5909f3082cb817926f"
"Sechs Kies","https://i.scdn.co/image/ab6761610000e5ebfc47c472cc9d2cffef895386"
"Seven O'Clock","https://i.scdn.co/image/ab67616d0000b2730d42ab3ef9946be3e9176ab0"
"Seventeen (South Korean band)","https://i.scdn.co/image/ab6761610000e5eb8da3a229445fd3cd896cdd5c"
"Sevenus","https://i.scdn.co/image/ab6761610000e5eb5adfa12e3be36d894455d7b0"
"SF9","https://i.scdn.co/image/ab6761610000e5eb5c6a40d3a89e7a9aca4d8495"
"Shinee","https://i.scdn.co/image/ab6761610000e5ebf6e777bb4a99ac7ddd55c762"
"Shinhwa","https://i.scdn.co/image/ab67616d0000b27307ccf5261667297659bd25d5"
"Shownu X Hyungwon","https://i.scdn.co/image/ab6761610000e5eb0e493a7c9b551aba3ef4e53f"
"Shu-I","https://i.scdn.co/image/ab6761610000e5ebc84696ae3b9f554e2bba8090"
"Skye (group)","https://i.scdn.co/image/ab6761610000e5eb1567d58f3bbd15ba9144526a"
"Snuper","https://i.scdn.co/image/ab67616d0000b27365b5b4dc77d6825e687937c0"
"Sobangcha","https://i.scdn.co/image/ab67616d0000b273a1107938edb2ecd802f0110f"
"Soohyun & Hoon","https://i.scdn.co/image/ab6761610000e5ebaafcd834f45cb32786330117"
"Spectrum (group)","https://i.scdn.co/image/ab6761610000e5eb4d181a888e87573a0fa0fb49"
"Speed (South Korean band)","https://i.scdn.co/image/ab6761610000e5eb568b15f004f5afbac0f98c24"
"Stray Kids","https://i.scdn.co/image/ab6761610000e5ebf9887d2c9288f0e50a3fd69f"
"Super Junior","https://i.scdn.co/image/ab6761610000e5ebb6d2631a4f75a584a1b4e2bf"
"Super Junior-D&E","https://i.scdn.co/image/ab6761610000e5eb42959ca8787825ec4365cd9f"
"Super Junior-H","https://i.scdn.co/image/ab6761610000e5ebaa2bf973385791c82cb0e286"
"Super Junior-K.R.Y.","https://i.scdn.co/image/ab6761610000e5eb667ab25183e4988519fa2838"
"Super Junior-L.S.S.","https://i.scdn.co/image/ab6761610000e5ebaa2bf973385791c82cb0e286"
"Super Junior-M","https://i.scdn.co/image/ab67616d0000b27365aa76cdeb8ae352daba0038"
"Super Junior-T","https://i.scdn.co/image/ab6761610000e5eb8c44c72883cb546abffdf7d2"
"Superkind","https://i.scdn.co/image/ab6761610000e5eb0554469beac077c08b9795d8"
"SuperM","https://i.scdn.co/image/ab6761610000e5eb8d69367047a24d20b0323ff7"
"Supernova (South Korean group)","https://i.scdn.co/image/ab6761610000e5eb8bd86f3c6b663fcd18840364"
"Sweet Sorrow (band)","https://i.scdn.co/image/ab6761610000e5eb6446206fec7fdd045fc251c4"
"T-max","https://i.scdn.co/image/ab6761610000e5eb63d075b6d200f4c30d6080f8"
"TAN (group)","https://i.scdn.co/image/ab67616d0000b273329f34fa379d6a95c351acbd"
"Target (South Korean band)","https://i.scdn.co/image/ab6761610000e5ebe59d83d3af622cfe9100fa2a"
"Tasty (band)","https://i.scdn.co/image/ab6761610000e5eba5cda236999e698dc66aba7b"
"Teen Teen","https://i.scdn.co/image/ab67616d0000b27328cbc8d9ae5f372731ad432b"
"Teen Top","https://i.scdn.co/image/ab6761610000e5eb0b04468b734ca524bd6cabbb"
"Tempest (South Korean band)","https://i.scdn.co/image/ab6761610000e5eb0e3fad704e0530375eef16fe"
"TFN (group)","https://i.scdn.co/image/ab6761610000e5eb10e37d0d978d5985b8506390"
"The Wind (South Korean band)","https://i.scdn.co/image/ab6761610000e5ebe302338f14c6b97a0fe21c1c"
"TIOT","https://i.scdn.co/image/ab6761610000e5ebc78fe0d15b6b5efb03f1e5b4"
"TNX (group)","https://i.scdn.co/image/ab6761610000e5eb5219647e19de7161983ecbf3"
"TO1","https://i.scdn.co/image/ab6761610000e5ebf0664dae2148b2641aa5ba3b"
"Toheart (band)","https://i.scdn.co/image/ab6761610000e5eb7d7a303403d7bee041fc1d00"
"Tomorrow X Together","https://i.scdn.co/image/ab6761610000e5eb1c81416bbbfe539adb9d7050"
"Topp Dogg","https://i.scdn.co/image/ab67616d0000b273b3dd5321ac86389ebaf8d68d"
"Touch (South Korean group)","https://i.scdn.co/image/ab6761610000e5eb67a8574e6bf7fa212bb4921b"
"TRCNG","https://i.scdn.co/image/ab67616d0000b2730c89f3d6170838e913947a77"
"Treasure (band)","https://i.scdn.co/image/ab6761610000e5eb730cab70253030638234e6b7"
"Trendz (group)","https://i.scdn.co/image/ab6761610000e5eb8bd86f3c6b663fcd18840364"
"Tritops","https://i.scdn.co/image/ab67616d0000b27303dff4561ef058df821de029"
"Troy (band)","https://i.scdn.co/image/ab6761610000e5ebf5766ec59cd303160964927e"
"TST (band)","https://i.scdn.co/image/ab6761610000e5eb20fd2ed278855c65c84a2933"
"TVXQ","https://i.scdn.co/image/ab6761610000e5eb2be82149be3774fa0729a543"
"TWS (group)","https://i.scdn.co/image/ab6761610000e5eb06a958a7da76c5b332d421c5"
"U-BeS","https://i.scdn.co/image/ab6761610000e5eb23e614922b351df9c2e93a2b"
"U-KISS","https://i.scdn.co/image/ab6761610000e5eb63bc02211948e55a108ba4cc"
"Ulala Session","https://i.scdn.co/image/ab67616d0000b273c29f3b286ecb4399cc1de8fc"
"UN (band)","https://i.scdn.co/image/ab67616d0000b27333bb753e10b870b91642a60c"
"UNB (group)","https://i.scdn.co/image/ab6761610000e5eb6204ca7971a5a13d22205eb4"
"Uniq (band)",
"UNVS","https://i.scdn.co/image/ab6761610000e5ebc366922a7b631ec2c2da8d9b"
"Up10tion","https://i.scdn.co/image/ab6761610000e5eb1a68ee20ceb024d7995a4c9f"
"V.O.S (band)","https://i.scdn.co/image/ab6761610000e5eb3a33ec6ae65e358d7f5b846b"
"Vanner (band)","https://i.scdn.co/image/ab6761610000e5ebb3866e9e7a7170317d29441f"
"Varsity (group)","https://i.scdn.co/image/ab6761610000e5eb868157314f326d1ddd50f588"
"VAV (band)","https://i.scdn.co/image/ab6761610000e5eb920a9220e13e5ba878e7e630"
"Verivery","https://i.scdn.co/image/ab6761610000e5eb82a393edb2efaebc79cc5947"
"Vibe (South Korean band)","https://i.scdn.co/image/ab6761610000e5eb226377c5087ab33439932cef"
"Victon","https://i.scdn.co/image/ab6761610000e5eb2d98f7145b95d591be045e09"
"VIXX","https://i.scdn.co/image/ab6761610000e5eb84f9ce82754d57d4ee374d42"
"VIXX LR","https://i.scdn.co/image/ab6761610000e5eb79ab27836b921bd4ea6e1b8e"
"Voisper","https://i.scdn.co/image/ab67616d0000b273c1df0232be0c19c8cb1ad788"
"Vromance","https://i.scdn.co/image/ab67616d0000b27381a4197e5697514285b61c6e"
"Waker","https://i.scdn.co/image/ab6761610000e5ebcb5d523be757e643c436ee75"
"Wanna One","https://i.scdn.co/image/ab67616d0000b27323bd8b27aeb3ad6d4f4339c4"
"Wanted (band)","https://i.scdn.co/image/ab6761610000e5ebf293fe0b3c1a60dde69101b8"
"Waterfire (band)","https://i.scdn.co/image/ab6761610000e5eb67c26626b52970e507be7d6c"
"We in the Zone","https://i.scdn.co/image/ab67616d0000b273acbbad8cef675b0cc6860434"
"WEi","https://i.scdn.co/image/ab6761610000e5eb6822227d77b9e63e9ef5b516"
"Winner (band)","https://i.scdn.co/image/ab6761610000e5eb53df3a54be8b851bf6d04aba"
"Wonder Boyz",
"X1 (band)","https://i.scdn.co/image/ab6761610000e5ebe684b99a5bc08403577c7712"
"Xikers","https://i.scdn.co/image/ab6761610000e5ebcbcbca552d316295732b54f8"
"Xlov","https://i.scdn.co/image/ab6761610000e5ebb9f65d8d377f1cd413e173ae"
"Xodiac (band)","https://i.scdn.co/image/ab6761610000e5eb30674c0be2352e967bdc8992"
"Younite","https://i.scdn.co/image/ab6761610000e5ebfbcaf00badbb1df3071c653c"
"Yurisangja","https://i.scdn.co/image/ab67616d0000b273ac73200adb0217d24e656148"
"ZE:A","https://i.scdn.co/image/ab67616d0000b2738e4287cc08e5b86de490d63b"
"Zerobaseone","https://i.scdn.co/image/ab6761610000e5eb87112f20911f26a0efb94e57"
"2Eyes",
"2NB","https://i.scdn.co/image/ab6761610000e5eb2d7ec6169d25cd6564f328d5"
"2NE1","https://i.scdn.co/image/ab6761610000e5ebcd3114c3d3dc89d5ec1c9145"
"2Yoon","https://i.scdn.co/image/ab67616d0000b273c89cf91ecbaedf894172b10d"
"3YE","https://i.scdn.co/image/ab6761610000e5ebcb88407b2b1c84f873f2bc83"
"4L (group)","https://i.scdn.co/image/ab67616d0000b27326d4901267751a9b266db161"
"4Minute","https://i.scdn.co/image/621c729dd90a6e7a63fc8f0957b2b928834ec5a8"
"4Ten","https://i.scdn.co/image/ab6761610000e5ebacd6b1d8ad4caf0daf3ccc92"
"15&","https://i.scdn.co/image/ab67616d0000b273070311792134f16f82acd541"
"Ablume","https://i.scdn.co/image/ab67616d0000b2733a881118a82c0f15c3cd6a12"
"Acid Angel from Asia","https://i.scdn.co/image/ab6761610000e5eb4aa9bf210b0cc39085aa3846"
"Aespa","https://i.scdn.co/image/ab6761610000e5eb18d4cb767d2dfe5f4b28ba07"
"After School (group)","https://i.scdn.co/image/ab6761610000e5eb8bd86f3c6b663fcd18840364"
"Alice (group)","https://i.scdn.co/image/ab67616d0000b2736de77cdde79b4cf6e1f006e4"
"AOA (group)","https://i.scdn.co/image/ab6761610000e5ebf629580e460787e8bde29dbe"
"AOA Black","https://i.scdn.co/image/ab6761610000e5ebf629580e460787e8bde29dbe"
"AOA Cream","https://i.scdn.co/image/ab67616d0000b273556ab7dd24d6acebcae8370b"
"Apink","https://i.scdn.co/image/ab6761610000e5eb5d7e6f087811f89d7c8f0706"
"April (girl group)","https://i.scdn.co/image/ab6761610000e5ebd95960a63ea1df7f97fcab29"
"Ariaz","https://i.scdn.co/image/ab6761610000e5eb4fd97942790e722439176791"
"Artms","https://i.scdn.co/image/ab6761610000e5eb7bdde2986154a5223a4ec14a"
"AtHeart","https://i.scdn.co/image/ab6761610000e5ebd149010d0d1cc97d884ef1ec"
"Baby Vox","https://i.scdn.co/image/ab67616d0000b27365e2fced7c82249c8f3ce175"
"Baby Vox Re.V","https://i.scdn.co/image/ab67616d0000b273098493ced2a2bf47076ee5f7"
"Babymonster","https://i.scdn.co/image/ab6761610000e5ebdd103806bef7f753e85587ac"
"Badkiz","https://i.scdn.co/image/ab67616d0000b273489f616b9ee263876871c5fb"
"Badvillain","https://i.scdn.co/image/ab6761610000e5eb557c09f0173d3bb7606fa4e4"
"The Barberettes","https://i.scdn.co/image/ab6761610000e5eb29a89e17d3770804f7ecaa57"
"BB Girls","https://i.scdn.co/image/ab67616d0000b2736a56753554f061c41e26ae04"
"Berry Good","https://i.scdn.co/image/ab6761610000e5eb90da0094d53e99b9baab15a6"
"Bestie (group)","https://i.scdn.co/image/ab6761610000e5eb8bd86f3c6b663fcd18840364"
"Big Mama (group)","https://i.scdn.co/image/ab6761610000e5ebefb9983340c0cc2b62fcaf70"
"Billlie","https://i.scdn.co/image/ab6761610000e5eb6bb752625248f8042f2e40b1"
"Black Pearl (South Korean group)","https://i.scdn.co/image/ab6761610000e5ebb34d84456fcf556b0f448b12"
"Blackpink","https://i.scdn.co/image/ab6761610000e5eb9b57f5eccf180a0049be84b3"
"Blackswan","https://i.scdn.co/image/ab6761610000e5ebe9204fb264e5ce05ccedf719"
"Blady","https://i.scdn.co/image/ab67616d0000b27353ce821972f7fecb98e9e29e"
"Bob Girls","https://i.scdn.co/image/ab67616d0000b2730b2d2a8043bbc07f9a17491f"
"BOL4","https://i.scdn.co/image/ab6761610000e5eb4a970fe13b80298b5621d657"
"Botopass","https://i.scdn.co/image/ab67616d0000b273768ca602205db9a76d2499e6"
"Brown Eyed Girls","https://i.scdn.co/image/ab6761610000e5ebc88f194bc631713f1ddafca9"
"BugAboo","https://i.scdn.co/image/ab6761610000e5eb09d4dcd6fc7b0a1436c1a182"
"Busters (group)","https://i.scdn.co/image/ab67616d0000b27339cfa9a82da986908d1a8dc6"
"Bvndit","https://i.scdn.co/image/ab6761610000e5eb4fc3988629aa25b9bfa1e788"
"C-REAL","https://i.scdn.co/image/ab67616d0000b27344ba8887c104bfc85624ef74"
"Candy Shop (group)","https://i.scdn.co/image/ab6761610000e5ebf6e0e02fb6cfbbdc8664352f"
"Celeb Five","https://i.scdn.co/image/ab67616d0000b273552f634827599afc62507b56"
"Chakra (group)","https://i.scdn.co/image/ab67616d0000b273539bab9ae7df0cb8482dc76f"
"Cherry Bullet","https://i.scdn.co/image/ab6761610000e5eb7415221d0cb40f21f8e4c5f4"
"Chocolat (group)","https://i.scdn.co/image/ab6761610000e5ebe216b483d8d09e68b734c807"
"Cignature","https://i.scdn.co/image/ab6761610000e5eb829bc3f7c105279fdb2fa3dc"
"Classy (group)","https://i.scdn.co/image/ab6761610000e5eb8bd86f3c6b663fcd18840364"
"CLC (group)","https://i.scdn.co/image/ab6761610000e5eb5a3b41931c6848f963a663d9"
"Cleo (group)","https://i.scdn.co/image/ab6761610000e5eb031f75fc1a3852aa967c2e61"
"Craxy","https://i.scdn.co/image/ab67616d0000b273ed4e1019bb2c59fdf22fe746"
"Crayon Pop","https://i.scdn.co/image/ab67616d0000b2732822961f2e0a4608999a4399"
"CSR (group)","https://i.scdn.co/image/ab6761610000e5eb868157314f326d1ddd50f588"
"D-Unit","https://i.scdn.co/image/ab67616d0000b273b476fe23a894db025c8c2dfb"
"D.Holic","https://i.scdn.co/image/ab67616d0000b2730d37ddb46dce41083f639c44"
"Dal Shabet","https://i.scdn.co/image/ab67616d0000b273e1bde2755f73cbd55745b781"
"DIA (group)","https://i.scdn.co/image/ab67616d0000b273392722c24677ec7f92e541a0"
"Diva (South Korean group)","https://i.scdn.co/image/ab6761610000e5eb226377c5087ab33439932cef"
"Dreamcatcher (group)","https://i.scdn.co/image/ab6761610000e5ebccfeb87c8370457772f23b0a"
"DreamNote","https://i.scdn.co/image/ab6761610000e5eb52b75e655225a2e245c89115"
"El7z Up","https://i.scdn.co/image/ab67616d0000b2739829da8e2bddc09a80099b9d"
"Eternity (group)","https://i.scdn.co/image/ab67616d0000b273293f91f9d4c1695f7c96f8a2"
"Everglow","https://i.scdn.co/image/ab6761610000e5eb76643c12c77c6f4de9f5fdb5"
"EvoL","https://i.scdn.co/image/ab6761610000e5ebc645e568e949481e6e193f6d"
"EXID","https://i.scdn.co/image/ab6761610000e5eb271110d977700b69d9548993"
"F-ve Dolls","https://i.scdn.co/image/ab67616d0000b273388a29a59f942eca8546bcd9"
"F(x) (group)",
"Fanatics (group)","https://i.scdn.co/image/ab67616d0000b2737761c2dfdbe7747584c05102"
"Favorite (group)","https://i.scdn.co/image/ab67616d0000b2739105b11f77e0dabbe3fc5b45"
"Fiestar","https://i.scdn.co/image/ab67616d0000b27311e775512911343411545bd3"
"Fifty Fifty (group)","https://i.scdn.co/image/ab67616d0000b273f6365cae70dadd238f2ef22b"
"Fin.K.L","https://i.scdn.co/image/ab67616d0000b2737d60ab8efdba2818b5437a61"
"Fromis 9","https://i.scdn.co/image/ab6761610000e5eb9287cd584e823ab3391f0f7e"
"Gangkiz","https://i.scdn.co/image/ab6761610000e5ebcc7c6f5f45913bc2f8900f58"
"Gavy NJ","https://i.scdn.co/image/ab6761610000e5eb607149550efea55e7cb0e99d"
"Geenius","https://i.scdn.co/image/ab67616d0000b273585795c640defd020f3df578"
"Genblue","https://i.scdn.co/image/ab6761610000e5ebb32815426f2599c4ca8b0625"
"GFriend","https://i.scdn.co/image/ab6761610000e5eb147d34b8d51da48913a8d023"
"GI (group)","https://i.scdn.co/image/ab6761610000e5eb9c5bba3d225d4b4bd45542bb"
"I-dle","https://i.scdn.co/image/ab6761610000e5eb732a090e736faef27779d24e"
"Girl Friends (group)","https://i.scdn.co/image/ab6761610000e5eb8bd86f3c6b663fcd18840364"
"Girl's Day","https://i.scdn.co/image/ab67616d0000b2739e03d61c4f569348f1bedacd"
"Girlkind","https://i.scdn.co/image/ab6761610000e5eb1b15c2ad299fdcf864a09742"
"Girls' Generation","https://i.scdn.co/image/ab6761610000e5eb385df356841aaec34a0914aa"
"Girls' Generation-TTS","https://i.scdn.co/image/ab6761610000e5eb9426413cf033b2e0eedfeff6"
"Glam (group)","https://i.scdn.co/image/277a981041ba13e8ff032a114ac9327d69dea9fc"
"Golden Girls (girl group)","https://i.scdn.co/image/ab6761610000e5eb8bd86f3c6b663fcd18840364"
"Good Day (group)","https://i.scdn.co/image/ab6761610000e5eb069e939c824a867e45b4a61b"
"Got the Beat","https://i.scdn.co/image/ab6761610000e5eb03fd839c09fe375026192645"
"GP Basic","https://i.scdn.co/image/ab67616d0000b2739783f91059f2f75983d3394b"
"The Grace (group)","https://i.scdn.co/image/ab6761610000e5eb39c18cc858d817e4a6b2ae89"
"Gugudan","https://i.scdn.co/image/ab6761610000e5eb964fc3733cd0727d16d68b94"
"Gugudan SeMiNa","https://i.scdn.co/image/ab67616d0000b273f66d20dbe65cee18d9de4191"
"GWSN","https://i.scdn.co/image/ab6761610000e5eb8dc462bd191cfee4f6b1afb5"
"H1-Key","https://i.scdn.co/image/ab6761610000e5eb8941500574c895dea9741e8f"
"HashTag (group)","https://i.scdn.co/image/ab6761610000e5eb54a361eb05c1f45d490d0ef8"
"Hearts2Hearts","https://i.scdn.co/image/ab6761610000e5eb508cfbb06d6efeb5712b08fb"
"Hello Venus","https://i.scdn.co/image/ab67616d0000b2734137dd7f6007dda47c5ed557"
"Hi Suhyun","https://i.scdn.co/image/ab67616d0000b2734ea544462b3341bdf094bc99"
"Hinapia","https://i.scdn.co/image/ab67616d0000b27328a098054e667754a4ec2331"
"Honey Popcorn","https://i.scdn.co/image/ab67616d0000b2734c8afb80ce9638d77a629167"
"Hot Issue (group)","https://i.scdn.co/image/ab6761610000e5eb8bd86f3c6b663fcd18840364"
"I.B.I (group)","https://i.scdn.co/image/ab6761610000e5eb0767e116a2307495e37cd7fb"
"I.O.I","https://i.scdn.co/image/ab6761610000e5eb8884036ea777e2afb47ac7a2"
"Ichillin'","https://i.scdn.co/image/ab6761610000e5ebf05f00c065e2ef1bee3f3ba8"
"Ifeye","https://i.scdn.co/image/ab6761610000e5eb31d63a9e336908493fcfa260"
"ILY:1","https://i.scdn.co/image/ab6761610000e5ebd1186c21b4ef5f42371ef1c5"
"Irris","https://i.scdn.co/image/ab6761610000e5ebd4f286522671c3d00abf2163"
"Isak N Jiyeon","https://i.scdn.co/image/ab67616d0000b273c67d2dcafee6529575e6eba1"
"Itzy","https://i.scdn.co/image/ab6761610000e5eb81c00b4e062603d8159b1ad8"
"Ive (group)",
"Iz*One","https://i.scdn.co/image/ab6761610000e5eba6b0d348c125a072e5284b3e"
"Izna","https://i.scdn.co/image/ab6761610000e5ebe5471cb5eb32eadd9f8d492f"
"Jewelry (group)","https://i.scdn.co/image/ab6761610000e5eb20fd2ed278855c65c84a2933"
"JQT (group)","https://i.scdn.co/image/ab6761610000e5ebe59d83d3af622cfe9100fa2a"
"Kara (South Korean group)","https://i.scdn.co/image/ab6761610000e5eb05b57a10802bacfdfb26afa0"
"Kep1er","https://i.scdn.co/image/ab6761610000e5ebba958c35046aebae1969254b"
"KiiiKiii","https://i.scdn.co/image/ab6761610000e5eb5454808013e8b02417423a2e"
"Kiiras","https://i.scdn.co/image/ab6761610000e5ebd282c57f10857f8b77d27fd7"
"The Kim Sisters","https://i.scdn.co/image/ab67616d0000b27340f8825dc8b624fd2181f653"
"Kiss (South Korean group)","https://i.scdn.co/image/ab6761610000e5ebc5cd22c067e3a69f641ab4b1"
"Kiss of Life (group)","https://i.scdn.co/image/ab6761610000e5eb8bd86f3c6b663fcd18840364"
"Korean Kittens","https://i.scdn.co/image/ab67616d0000b273ce59c3efee342b065aab8112"
"Krystal Eyes","https://i.scdn.co/image/c59e2f18bcb977f91dcc7c7155b2e2bcd9a95142"
"Laboum","https://i.scdn.co/image/ab6761610000e5eb54e60fdfa22e524a065db2f0"
"Ladies' Code","https://i.scdn.co/image/ab67616d0000b27395ab9a02d082c6df434aee14"
"Lapillus (group)","https://i.scdn.co/image/ab67616d0000b273a6ad0cc89c4647537bd0dc91"
"Laysha","https://i.scdn.co/image/ab67616d0000b27382698c4188cfb75668b07db6"
"Le Sserafim","https://i.scdn.co/image/ab6761610000e5eb9095683b555d7c16fd3b633f"
"Lightsum","https://i.scdn.co/image/ab6761610000e5eb2383e88dd90a5af59213d067"
"Lip Service (group)","https://i.scdn.co/image/ab6761610000e5eb8bd86f3c6b663fcd18840364"
"Loona","https://i.scdn.co/image/ab6761610000e5eb80584436e5726afb70cee7f8"
"Loossemble","https://i.scdn.co/image/ab6761610000e5eb5afa968e8ed9ca1b46f8cf7f"
"Lovelyz","https://i.scdn.co/image/ab6761610000e5eb704b6b5bfc68b85727993a91"
"LPG (South Korean group)","https://i.scdn.co/image/ab6761610000e5eb4ac5ed5909f3082cb817926f"
"Lunarsolar","https://i.scdn.co/image/ab6761610000e5ebed514c2bae2ed547baa0d058"
"Luv (group)",
"Madein","https://i.scdn.co/image/ab6761610000e5eb0a0c8e5cf084de05fd9defca"
"Mamamoo","https://i.scdn.co/image/ab6761610000e5ebe12972169702affd7a4c48ec"
"Mave:","https://i.scdn.co/image/ab6761610000e5eb2bd10607316ebcf6e7eb29b2"
"Maywish","https://i.scdn.co/image/ab67616d0000b2739a8a5bc46b28f5d346e90dca"
"Melody Day (group)","https://i.scdn.co/image/ab6761610000e5eb14d0c0355c57727a30e120d4"
"Meovv","https://i.scdn.co/image/ab6761610000e5ebbc6dcb995700b11563f7d8bd"
"Milk (South Korean group)","https://i.scdn.co/image/ab6761610000e5eb85e2a765efb6f5f44ce6066f"
"Mimiirose","https://i.scdn.co/image/ab6761610000e5eb06c98e04834e94ffa608bf3b"
"Miss A","https://i.scdn.co/image/ab6761610000e5eb3b93ad49bde5a3655aef95cd"
"Miss S","https://i.scdn.co/image/ab67616d0000b273ae6d334d67fb39c5bc3dd68f"
"Momoland","https://i.scdn.co/image/ab6761610000e5ebbee44d97f3e79eac309478d4"
"MyB","https://i.scdn.co/image/ab6761610000e5eb49b792517635443b9cd987a1"
"Nature (group)","https://i.scdn.co/image/ab6761610000e5ebe13c156fc80b70c730215dc0"
"NeonPunch","https://i.scdn.co/image/ab67616d0000b27338c0d25ba6af679edcb5fc96"
"NewJeans","https://i.scdn.co/image/ab6761610000e5eb80668ba2b15094d083780ea9"
"Nine Muses (group)","https://i.scdn.co/image/ab6761610000e5eb1a6606935a281ae90f7d6f2b"
"Nine Muses A","https://i.scdn.co/image/ab67616d0000b273efb1438c83e929e60f250be2"
"Nmixx","https://i.scdn.co/image/ab6761610000e5eb8aaf0595187aba8e8f1bd828"
"Odd Youth","https://i.scdn.co/image/ab6761610000e5eb8727c3cb712ba585e431a88d"
"Oh My Girl","https://i.scdn.co/image/ab6761610000e5eb3bbb8087ad3a5ae7f5d38ca0"
"Oh!GG","https://i.scdn.co/image/ab6761610000e5eb260d891bd56f62d81ff3b91c"
"Orange Caramel","https://i.scdn.co/image/ab67616d0000b27336484b845182eec375dace20"
"P.O.P (group)","https://i.scdn.co/image/ab6761610000e5ebe6638d6539b92f31bed2025a"
"Papaya (group)","https://i.scdn.co/image/ab6761610000e5eb6bbebc4bbbff3a44883c1923"
"Pink Fantasy","https://i.scdn.co/image/ab67616d0000b273eaaec0372ea5e4f248eaf282"
"Pixy (group)","https://i.scdn.co/image/ab6761610000e5eb2209db79b2ac606645bbe932"
"Playback (South Korean group)","https://i.scdn.co/image/ab67616d0000b2734c74b10d14834b2579dc7e06"
"Primrose (group)","https://i.scdn.co/image/ab6761610000e5ebb334f50f02c87c387e377d21"
"Pristin","https://i.scdn.co/image/ab67616d0000b273fa87bc3be975e89c6c2c8389"
"Pristin V","https://i.scdn.co/image/ab67616d0000b273ca3d2178304211a0026eb455"
"Pungdeng-E","https://i.scdn.co/image/ab6761610000e5eb87218ebdd62854292a4d499d"
"Puretty",
"Purple Kiss","https://i.scdn.co/image/ab6761610000e5eba6fa07ec146611b95e58cbc8"
"Purplebeck","https://i.scdn.co/image/ab67616d0000b2736ebbdf13d2a493a5c1d3b28c"
"QBS (group)","https://i.scdn.co/image/ab6761610000e5eb96b9b363daa9bbd50b92080e"
"QWER","https://i.scdn.co/image/ab6761610000e5ebeb24d4a27b5a24af1cfcc24b"
"Rainbow (girl group)","https://i.scdn.co/image/ab6761610000e5eb8bd86f3c6b663fcd18840364"
"Red Velvet – Irene & Seulgi","https://i.scdn.co/image/ab6761610000e5eb26693d79e79756102df6e95e"
"Red Velvet (group)","https://i.scdn.co/image/ab6761610000e5eb67a8574e6bf7fa212bb4921b"
"Redsquare","https://i.scdn.co/image/ab67616d0000b2738fb92d74d252960cfa5de442"
"Rescene","https://i.scdn.co/image/ab6761610000e5eb7ef38381739e9bc7be3a3f25"
"Rocket Punch","https://i.scdn.co/image/ab6761610000e5eb3c6d373a1f47c84c243bfb32"
"Rubber Soul (group)","https://i.scdn.co/image/ab6761610000e5eb5956ad8e079b07f4e914e865"
"S.E.S. (group)","https://i.scdn.co/image/ab6761610000e5eb0767e116a2307495e37cd7fb"
"S.I.S (group)","https://i.scdn.co/image/ab6761610000e5eb0767e116a2307495e37cd7fb"
"Saturday (group)","https://i.scdn.co/image/ab6761610000e5eb8bd86f3c6b663fcd18840364"
"Say My Name (group)","https://i.scdn.co/image/ab6761610000e5eb8bd86f3c6b663fcd18840364"
"Secret (South Korean group)","https://i.scdn.co/image/ab6761610000e5ebe59d83d3af622cfe9100fa2a"
"Secret Number","https://i.scdn.co/image/ab6761610000e5eb4a0c6368275d8c1886b6f553"
"SeeYa","https://i.scdn.co/image/ab67616d0000b2731bdbfdd60b416746e11c8409"
"The SeeYa","https://i.scdn.co/image/ab67616d0000b2731bdbfdd60b416746e11c8409"
"She'z","https://i.scdn.co/image/ab67616d0000b27303517507aaf5d2eecdbb3a2c"
"Shinvi","https://i.scdn.co/image/ab6761610000e5eb7e43679c3022f9310645078b"
"Sistar","https://i.scdn.co/image/ab67616d0000b2733be3a6a60408608f0d33e3bc"
"Sistar19","https://i.scdn.co/image/ab6761610000e5eb4f66a54f209012eec464efef"
"Skarf",
"Sonamoo","https://i.scdn.co/image/ab67616d0000b273a6c6a728ee40e1910e353f6c"
"Sorea Band","https://i.scdn.co/image/ab67616d0000b273ba2505fc2c99a8688407c14e"
"Spica (group)","https://i.scdn.co/image/ab6761610000e5eb14d0c0355c57727a30e120d4"
"STAYC","https://i.scdn.co/image/ab6761610000e5eb0e39519bcd54d8965a187f71"
"Stellar (group)","https://i.scdn.co/image/ab6761610000e5eb801526823aea2927d6a3fd64"
"Strawberry Milk","https://i.scdn.co/image/ab6761610000e5eb02b53b625fa97e5f2d135f80"
"Sugar (South Korean group)","https://i.scdn.co/image/ab6761610000e5eb3c6a121a9f2ce9015fefdad1"
"Sunny Days (group)","https://i.scdn.co/image/ab6761610000e5eb069e939c824a867e45b4a61b"
"Sunny Hill","https://i.scdn.co/image/ab6761610000e5ebdbfcd382138ca9bd966811d6"
"T-ara","https://i.scdn.co/image/cd8af1e4b3bcab50bc4457ea1d4bd21bb51654dc"
"T-ara N4","https://i.scdn.co/image/ab67616d0000b27353d2c806e95adce9a002e8af"
"T.T.Ma","https://i.scdn.co/image/ab6761610000e5eb00fb769cd8c6c6b7eeb617fc"
"Tahiti (group)",
"TDYA","https://i.scdn.co/image/ab6761610000e5ebc84a1e33830ca575e0eb61c1"
"Tiny-G","https://i.scdn.co/image/ab6761610000e5eb10dc051932250f7169e7fd51"
"Tri.be","https://i.scdn.co/image/ab6761610000e5eb497a81cdc9c49a1c118539b3"
"TripleS","https://i.scdn.co/image/ab6761610000e5eb3fe8512ecbb3640f5b1551c8"
"Twice","https://i.scdn.co/image/ab6761610000e5eb3d8820046fd455b38d644864"
"Two X","https://i.scdn.co/image/ab67616d0000b273c6d01cfaa4d1bfa7aa18ce5f"
"Uni.T","https://i.scdn.co/image/ab6761610000e5ebd109506d56940b15c256950a"
"Unicorn (South Korean group)","https://i.scdn.co/image/ab6761610000e5ebeacef2b340f5054d11fdf072"
"Unis (group)","https://i.scdn.co/image/ab67616d0000b2732a5eda2a75faeae50dfe4aa3"
"Viviz","https://i.scdn.co/image/ab6761610000e5eba3a576f3eb0c2666dcae4eb6"
"VVS (group)","https://i.scdn.co/image/ab6761610000e5eb4c39b30c994f65322860288d"
"VVUP","https://i.scdn.co/image/ab6761610000e5ebde8a259363fe1d49480270e2"
"Wassup (group)","https://i.scdn.co/image/ab6761610000e5eb93c156b8d10958fcb67fb624"
"We Girls","https://i.scdn.co/image/ab67616d0000b273fa5208d17e99313c0e110441"
"Weeekly","https://i.scdn.co/image/ab6761610000e5eb6ffcd8ec7dc5865033d2c70c"
"Weki Meki","https://i.scdn.co/image/ab6761610000e5ebae1eafd2e3bfb0b7150e86e9"
"Wings (duo)","https://i.scdn.co/image/ab6761610000e5eb4a23baa5e6e6d55cbf0aa777"
"Wink (South Korean group)","https://i.scdn.co/image/ab6761610000e5eb7e85056b7f2f099d15f7748f"
"WJMK (group)","https://i.scdn.co/image/ab6761610000e5ebc191a3b617f9898672ecb65f"
"WJSN","https://i.scdn.co/image/ab6761610000e5ebf8786ccb6031a3266bb15606"
"Wonder Girls","https://i.scdn.co/image/ab6761610000e5eb30a517d1b703c3eabdac2855"
"Wooah","https://i.scdn.co/image/ab6761610000e5ebf45456a6207be90a847e952d"
"X:IN","https://i.scdn.co/image/ab6761610000e5ebb28458436bbe9d81fd7a5351"
"Year 7 Class 1","https://i.scdn.co/image/ab67616d0000b27303d4e991cfebc4d3a13e8095"
"Young Posse","https://i.scdn.co/image/ab6761610000e5eba227091d56a3a02fb0ba222f"
"8Eight","https://i.scdn.co/image/ab67616d0000b27339c2e0cbdd62cf740b524c77"
"015B","https://i.scdn.co/image/ab6761610000e5eb40c9683568731e5d577f7e5f"
"24Hours (band)","https://i.scdn.co/image/ab6761610000e5eb868157314f326d1ddd50f588"
"A Train To Autumn","https://i.scdn.co/image/ab67616d0000b273bf80132a926331cf206b9a70"
"AKMU","https://i.scdn.co/image/ab6761610000e5eb00beb181c5f5464f4562f90f"
"ALFA (band)","https://i.scdn.co/image/ab67616d0000b2731650bffbc07ca6df397245cc"
"AllDay Project","https://i.scdn.co/image/ab6761610000e5ebf507d22df70e266374e3d312"
"As One (musical duo)","https://i.scdn.co/image/ab6761610000e5ebe59d83d3af622cfe9100fa2a"
"Baechigi","https://i.scdn.co/image/ab67616d0000b273a19ff146c52e0bcbb702bf17"
"Bohemian (band)","https://i.scdn.co/image/ab67616d0000b2738b381aa612230deaa4727d7c"
"Boys Generally Asian","https://i.scdn.co/image/ab6761610000e5ebd001052a98a7e17248dda6cf"
"Bulldog Mansion","https://i.scdn.co/image/ab67616d0000b273c1a077caccf776ee69a2c3bc"
"Buzz (band)","https://i.scdn.co/image/ab67616d0000b27343c4820b8818d8c628d77e8b"
"Bye Bye Sea","https://i.scdn.co/image/ab6761610000e5eb68bf228cd44ac82286ebbc11"
"Can (duo)","https://i.scdn.co/image/ab6761610000e5eb9095f6796bf6d78f87d61519"
"Champs (Brazilian band)","https://i.scdn.co/image/ab67616d0000b273a6ad0cc89c4647537bd0dc91"
"Cherry Filter","https://i.scdn.co/image/ab6761610000e5ebb2b26e7a396cf31c7fdd523b"
"Clover (group)","https://i.scdn.co/image/ab6761610000e5eb8bd86f3c6b663fcd18840364"
"CocoSori","https://i.scdn.co/image/ab67616d0000b2738715b900488175d8afda870e"
"Coed School","https://i.scdn.co/image/ab67616d0000b2731ac127f9fad12ea7be0274b1"
"Cool (band)","https://i.scdn.co/image/ab6761610000e5ebb182af5095fbef82df0374a0"
"Davichi","https://i.scdn.co/image/ab6761610000e5eb40e9bd998a98de7a1c1ef354"
"Day6","https://i.scdn.co/image/ab6761610000e5eb6bf26f017d7397f06df7b254"
"Dynamic Duo (South Korean duo)","https://i.scdn.co/image/ab6761610000e5eb4ac5ed5909f3082cb817926f"
"Fanxy Red","https://i.scdn.co/image/ab67616d0000b273982b9f7770ac5f40f8b61f5a"
"Forte di Quattro","https://i.scdn.co/image/ab67616d0000b273909b57b8b89ac5ac56de0033"
"Goofy (band)",
"Hoshi X Woozi","https://i.scdn.co/image/ab6761610000e5eb70c2b92fd98fea56b5928da1"
"Humming Urban Stereo","https://i.scdn.co/image/ab6761610000e5eb67e8546fa880b0ecdf91c332"
"Hyukoh","https://i.scdn.co/image/ab6761610000e5eba83b7860635940ed829ee09b"
"Illit","https://i.scdn.co/image/ab6761610000e5eb67a8574e6bf7fa212bb4921b"
"JX (duo)","https://i.scdn.co/image/ab6761610000e5ebe59d83d3af622cfe9100fa2a"
"K/DA","https://i.scdn.co/image/ab6761610000e5ebdc1dc943555dfa1ee2a107e5"
"Kaachi",
"Kangta & Vanness","https://i.scdn.co/image/ab6761610000e5eb49b792517635443b9cd987a1"
"Kard (group)","https://i.scdn.co/image/ab6761610000e5eb8bd86f3c6b663fcd18840364"
"Kenta Sanggyun","https://i.scdn.co/image/ab67616d0000b273ab1d2e733ba3089b7287f3f5"
"Kim Heechul & Kim Jungmo","https://i.scdn.co/image/ab6761610000e5ebb4787e65e790dc9caf087204"
"Lady (group)","https://i.scdn.co/image/ab6761610000e5ebd001052a98a7e17248dda6cf"
"MSG Wannabe",
"Namgida Band","https://i.scdn.co/image/ab6761610000e5ebe87d8da31d0d021b34d0da2d"
"Page (South Korean band)","https://i.scdn.co/image/ab6761610000e5eb4ac5ed5909f3082cb817926f"
"Peppertones","https://i.scdn.co/image/ab6761610000e5eb1a8335eb603a0276ec9c9698"
"Play the Siren","https://i.scdn.co/image/ab67616d0000b273a25b8b921303f7ea736db895"
"Project K (band)","https://i.scdn.co/image/ab67616d0000b27378b5ecdd6fcba4fe4af14e3f"
"R.ef","https://i.scdn.co/image/ab67616d0000b273599341a0688c3ac4897a17b6"
"Refund Sisters","https://i.scdn.co/image/ab67616d0000b2731798b3218e243f180dcc6939"
"Rhythm Power","https://i.scdn.co/image/ab6761610000e5eb0cf3be95d53ed4dfee716d7f"
"Roo'ra","https://i.scdn.co/image/ab67616d0000b273c5ccd777b1df0206b00501b6"
"The Rose (band)","https://i.scdn.co/image/a466ca849831c615cb179cf66b123fe8f2665a67"
"Royal Pirates","https://i.scdn.co/image/ab67616d0000b273f4a8e56a6de03b4606ea6755"
"S.Coups X Mingyu","https://i.scdn.co/image/ab6761610000e5ebe6457d4027f88c71dc4a1510"
"Second Moon (band)","https://i.scdn.co/image/ab6761610000e5ebb97bb2471912716036f1de67"
"Seo Taiji and Boys","https://i.scdn.co/image/ab6761610000e5ebbdbf1cba523a3a63a11280ab"
"SG Wannabe","https://i.scdn.co/image/ab67616d0000b273a4e38b2719387cd1cd2d8e81"
"SOS (Indonesian group)","https://i.scdn.co/image/ab6761610000e5eb4ac5ed5909f3082cb817926f"
"SS501","https://i.scdn.co/image/ab67616d0000b27320391f7a71056d03442964a0"
"Tin Tin Five","https://i.scdn.co/image/ab6761610000e5eb87cde49a53cfbdbecf68fe02"
"Toy (South Korean band)","https://i.scdn.co/image/ab6761610000e5eb356a790fdf2df7709ec3313b"
"UAU (group)","https://i.scdn.co/image/ab6761610000e5eb8616b7b70e059756d7d637a5"
"Urban Zakapa","https://i.scdn.co/image/ab6761610000e5eb34cd8e05d7881e44f6e86d67"
"W24 (band)","https://i.scdn.co/image/ab67616d0000b273f5541df99e2f5c0bad827b32"
"Wooseok x Kuanlin","https://i.scdn.co/image/ab67616d0000b27372d9e75163cf1ee3d25aa6a7"
"WSG Wannabe","https://i.scdn.co/image/ab67616d0000b2738bf4324077d2db5671363f8c"
"Xdinary Heroes","https://i.scdn.co/image/ab6761610000e5eb573af559d98d0c0228422910"
"Young Turks Club",